model,accuracy,precision_macro,recall_macro,f1_macro,precision_micro,recall_micro,f1_micro
3_tfidf_logreg,0.9803600654664485,0.9754850303580151,0.9881582468465785,0.981499274062687,0.9803600654664485,0.9803600654664485,0.9803600654664485
4_xlm-roberta-base,0.9754500818330606,0.9660101775398289,0.9869588750485864,0.9758051122820476,0.9754500818330606,0.9754500818330606,0.9754500818330606
5_bert-base-multilingual-cased,0.966721222040371,0.9556517818852104,0.982358155062245,0.9677508168387107,0.966721222040371,0.966721222040371,0.966721222040371
2b_custom_ua_hybrid,0.9716312056737588,0.9500007453496195,0.9824737936353983,0.9654654511032147,0.9716312056737588,0.9716312056737588,0.9716312056737588
2a_custom_ua_rulebased,0.8314238952536824,0.7616700985719639,0.8598406004003153,0.8021981303795801,0.8314238952536824,0.8314238952536824,0.8314238952536824
1_vader_generic,0.07146753955264594,0.4246257098606092,0.34282296158256537,0.053813118417597665,0.07146753955264594,0.07146753955264594,0.07146753955264594
